author,date,title
布拉德,2022/06/29,樂天打線大爆發擊退中信兄弟 曾仁和傷癒歸隊奪勝投
Ubuntu,2022/06/29,Jayson Tatum 球員賽季回顧EP3
運動特務,2022/05/13,輕運動族喝什麼才對？國手營養師：喝鮮奶加強耐力、幫助肌肉恢復
Jacky 李秉昇,2022/06/29,【秉筆直書】15場先發只挨2轟！ 不再平庸、全面升級的Martin Perez
布魯斯,2022/06/29,十件事情帶你看2022年的溫布敦錦標賽
廣編企劃,2022/04/07,Ford Ranger露營爬山趣：越野涉水大丈夫，加個車頂帳說走就走！
水門 Minato,2022/06/29,2022 PLG冠軍賽 / 從季後賽分析攻城獅的下季展望
小人物 Roy&kong,2022/06/29,〖 2022 P. LEAGUE+ FINALS 〗FINAL SERIORS落幕與垃圾話543
廣編企劃,2022/04/07,Subaru Impreza GC8當代經典，初下麗寶賽道經驗分享
先嗇宮的Tony,2022/06/29,【脂肪肝篇】明明四肢是瘦的，卻挺著一顆啤酒肚嗎？小心脂防肝在前，糖尿病在後！全面解析肥胖的代謝機制，3招帶您逆轉糖尿病！
T.Chen ,2022/06/29,棒球防守戰術｜兄弟內野趨前守備失誤，讓樂天嚴宏鈞短打推進 All Safe
廣編企劃,2022/04/07,源自對車的熱愛！車手陳柏蒼與中華賽車會合辦THC台灣爬山挑戰賽
愛運動＊動無礙,2022/06/29,中華台北特奧會30週年慶  擴大辦理2023年夏季特奧運動會參賽及選拔工作
傑酷庫,2022/06/29,2022中職選秀是超級小年？新加盟的台鋼雄鷹會怎麼選？
廣編企劃,2022/04/06,教育是改變命運的關鍵！世界展望會守護兒童受教權，翻轉孩子的人生
貓心—龔佑霖,2022/06/29,迎來隊史大聯盟累積最多勝洋投Mike Fiers 統一獅歷代只有這三人能比擬
Hung Ku,2022/06/29,我們還能更好！今年NBA自由市場值得期待的四大潛力
廣編企劃,2022/01/12,台灣之光！T-Sox飆動自行車訓練台首創雙磁控技術，真實模擬路面、有效達成訓練目標
